{
  "parameters": {
    "J": 0.00402154153775788,
    "B": 0.040268700781371944,
    "K_t": 0.30164825250729344,
    "tau_current": 0.0001,
    "tau_delay": 0.01,
    "friction_coulomb": 0.0
  },
  "sampling_time": 0.0001,
  "A_matrix": [
    [
      1.0,
      0.0001,
      3.6787944117144235e-09
    ],
    [
      0.0,
      1.0,
      6.321205588285577e-05
    ],
    [
      0.0,
      0.0,
      0.36787944117144233
    ]
  ],
  "B_matrix": [
    [
      1.3212055882855772e-09
    ],
    [
      3.678794411714424e-05
    ],
    [
      0.6321205588285577
    ]
  ]
}